"No.","Time","Source","Destination","Protocol","Length","Info"
"34","36.592549","192.168.0.1","192.168.0.241","S7COMM","87","ROSCTR:[Userdata] Function:[Response] -> [Security] -> [PLC password] -> Errorcode:[0x8104]"
"46","39.114370","192.168.0.1","192.168.0.241","S7COMM","87","ROSCTR:[Userdata] Function:[Unknown type: 0x09] -> [Cyclic services] -> [Cyclic transfer] -> Errorcode:[0x8104]"
"60","41.612763","192.168.0.1","192.168.0.241","S7COMM","87","ROSCTR:[Userdata] Function:[Unknown type: 0x09] -> [Programmer commands] -> [Delete job] -> Errorcode:[0x8104]"
"62","41.615513","192.168.0.1","192.168.0.241","S7COMM","87","ROSCTR:[Userdata] Function:[Unknown type: 0x0a] -> [Cyclic services] -> [Cyclic transfer] -> Errorcode:[0x8104]"
"64","41.618634","192.168.0.1","192.168.0.241","S7COMM","87","ROSCTR:[Userdata] Function:[Response] -> [Cyclic services] -> [Cyclic transfer] -> Errorcode:[0x8104]"
"76","44.172603","192.168.0.1","192.168.0.241","S7COMM","87","ROSCTR:[Userdata] Function:[NC Response] -> [Programmer commands] -> [Read job list] -> Errorcode:[0x8104]"
"78","44.175767","192.168.0.1","192.168.0.241","S7COMM","87","ROSCTR:[Userdata] Function:[NC Response] -> [CPU functions] -> [Message service] -> Errorcode:[0x8104]"
"80","44.178066","192.168.0.1","192.168.0.241","S7COMM","87","ROSCTR:[Userdata] Function:[NC Response] -> [Programmer commands] -> [Read job list] -> Errorcode:[0x8104]"
"82","44.180697","192.168.0.1","192.168.0.241","S7COMM","87","ROSCTR:[Userdata] Function:[NC Response] -> [Cyclic services] -> [Unsubscribe] -> Errorcode:[0x8104]"
"84","44.183930","192.168.0.1","192.168.0.241","S7COMM","87","ROSCTR:[Userdata] Function:[Response] -> [Time functions] -> [Set clock] -> Errorcode:[0x8500]"
"86","44.187563","192.168.0.1","192.168.0.241","S7COMM","87","ROSCTR:[Userdata] Function:[NC Response] -> [Cyclic services] -> [Unsubscribe] -> Errorcode:[0x8104]"
"88","44.191521","192.168.0.1","192.168.0.241","S7COMM","87","ROSCTR:[Userdata] Function:[Unknown type: 0x09] -> [Time functions] -> [Set clock] -> Errorcode:[0x8104]"
"90","44.195530","192.168.0.1","192.168.0.241","S7COMM","87","ROSCTR:[Userdata] Function:[Response] -> [Block functions] -> [Get block info] -> Errorcode:[0x8500]"
"92","44.199520","192.168.0.1","192.168.0.241","S7COMM","87","ROSCTR:[Userdata] Function:[NC Response] -> [Block functions] -> [List blocks] -> Errorcode:[0x8104]"
"94","44.203656","192.168.0.1","192.168.0.241","S7COMM","87","ROSCTR:[Userdata] Function:[Unknown type: 0x09] -> [Security] -> [PLC password] -> Errorcode:[0x8104]"
"107","46.660516","192.168.0.1","192.168.0.241","S7COMM","87","ROSCTR:[Userdata] Function:[Unknown type: 0x0a] -> [Programmer commands] -> [Variable status] -> Errorcode:[0x8104]"
"109","46.663979","192.168.0.1","192.168.0.241","S7COMM","87","ROSCTR:[Userdata] Function:[Response] -> [Block functions] -> [Get block info] -> Errorcode:[0x8500]"
"111","46.666676","192.168.0.1","192.168.0.241","S7COMM","87","ROSCTR:[Userdata] Function:[NC Response] -> [Time functions] -> [Read clock (following)] -> Errorcode:[0x8104]"
"113","46.669167","192.168.0.1","192.168.0.241","S7COMM","87","ROSCTR:[Userdata] Function:[Unknown type: 0x0a] -> [Programmer commands] -> [Read job list] -> Errorcode:[0x8104]"
"115","46.673120","192.168.0.1","192.168.0.241","S7COMM","87","ROSCTR:[Userdata] Function:[Unknown type: 0x0a] -> [Security] -> [PLC password] -> Errorcode:[0x8104]"
"117","46.675396","192.168.0.1","192.168.0.241","S7COMM","87","ROSCTR:[Userdata] Function:[Unknown type: 0x0a] -> [Cyclic services] -> [Cyclic transfer] -> Errorcode:[0x8104]"
"119","46.677654","192.168.0.1","192.168.0.241","S7COMM","87","ROSCTR:[Userdata] Function:[Unknown type: 0x0a] -> [Security] -> [PLC password] -> Errorcode:[0x8104]"
"132","49.179054","192.168.0.1","192.168.0.241","S7COMM","87","ROSCTR:[Userdata] Function:[Unknown type: 0x0a] -> [Programmer commands] -> [Delete job] -> Errorcode:[0x8104]"
"134","49.181540","192.168.0.1","192.168.0.241","S7COMM","87","ROSCTR:[Userdata] Function:[Unknown type: 0x09] -> [Block functions] -> [List blocks of type] -> Errorcode:[0x8104]"
"136","49.183725","192.168.0.1","192.168.0.241","S7COMM","87","ROSCTR:[Userdata] Function:[NC Response] -> [CPU functions] -> [Read SZL] -> Errorcode:[0x8104]"
"149","51.740937","192.168.0.1","192.168.0.241","S7COMM","87","ROSCTR:[Userdata] Function:[NC Response] -> [Programmer commands] -> [Delete job] -> Errorcode:[0x8104]"
"151","51.743616","192.168.0.1","192.168.0.241","S7COMM","87","ROSCTR:[Userdata] Function:[Response] -> [Block functions] -> [Get block info] -> Errorcode:[0x8500]"
"153","51.746660","192.168.0.1","192.168.0.241","S7COMM","87","ROSCTR:[Userdata] Function:[Unknown type: 0x0a] -> [Cyclic services] -> [Cyclic transfer] -> Errorcode:[0x8104]"
"155","51.748885","192.168.0.1","192.168.0.241","S7COMM","87","ROSCTR:[Userdata] Function:[Unknown type: 0x09] -> [CPU functions] -> [Message service] -> Errorcode:[0x8104]"
"167","54.227101","192.168.0.1","192.168.0.241","S7COMM","87","ROSCTR:[Userdata] Function:[Unknown type: 0x09] -> [Security] -> [PLC password] -> Errorcode:[0x8104]"
"169","54.230858","192.168.0.1","192.168.0.241","S7COMM","87","ROSCTR:[Userdata] Function:[Unknown type: 0x0a] -> [Block functions] -> [Get block info] -> Errorcode:[0x8104]"
"171","54.234672","192.168.0.1","192.168.0.241","S7COMM","87","ROSCTR:[Userdata] Function:[Unknown type: 0x09] -> [Programmer commands] -> [Block status v2] -> Errorcode:[0x8104]"
"173","54.237974","192.168.0.1","192.168.0.241","S7COMM","87","ROSCTR:[Userdata] Function:[Unknown type: 0x09] -> [Block functions] -> [List blocks] -> Errorcode:[0x8104]"
"175","54.241957","192.168.0.1","192.168.0.241","S7COMM","87","ROSCTR:[Userdata] Function:[Unknown type: 0x09] -> [Programmer commands] -> [Delete job] -> Errorcode:[0x8104]"
"177","54.244836","192.168.0.1","192.168.0.241","S7COMM","87","ROSCTR:[Userdata] Function:[Response] -> [Time functions] -> [Read clock (following)] -> Errorcode:[0x8104]"
"179","54.247660","192.168.0.1","192.168.0.241","S7COMM","87","ROSCTR:[Userdata] Function:[Unknown type: 0x0a] -> [Time functions] -> [Set clock] -> Errorcode:[0x8104]"
"193","56.768983","192.168.0.1","192.168.0.241","S7COMM","87","ROSCTR:[Userdata] Function:[Unknown type: 0x0a] -> [Programmer commands] -> [Memory reset] -> Errorcode:[0x8104]"
"196","56.772462","192.168.0.1","192.168.0.241","S7COMM","87","ROSCTR:[Userdata] Function:[Unknown type: 0x09] -> [CPU functions] -> [Read SZL] -> Errorcode:[0x8104]"
"198","56.774822","192.168.0.1","192.168.0.241","S7COMM","87","ROSCTR:[Userdata] Function:[Unknown type: 0x09] -> [CPU functions] -> [Message service] -> Errorcode:[0x8104]"
"210","59.289936","192.168.0.1","192.168.0.241","S7COMM","87","ROSCTR:[Userdata] Function:[NC Response] -> [Cyclic services] -> [Cyclic transfer] -> Errorcode:[0x8104]"
"212","59.293015","192.168.0.1","192.168.0.241","S7COMM","87","ROSCTR:[Userdata] Function:[NC Response] -> [Cyclic services] -> [Cyclic transfer] -> Errorcode:[0x8104]"
"214","59.295890","192.168.0.1","192.168.0.241","S7COMM","87","ROSCTR:[Userdata] Function:[Unknown type: 0x0a] -> [Block functions] -> [List blocks of type] -> Errorcode:[0x8104]"
"216","59.299002","192.168.0.1","192.168.0.241","S7COMM","87","ROSCTR:[Userdata] Function:[NC Response] -> [CPU functions] -> [Message service] -> Errorcode:[0x8104]"
"218","59.301711","192.168.0.1","192.168.0.241","S7COMM","87","ROSCTR:[Userdata] Function:[Response] -> [Programmer commands] -> [Block status] -> Errorcode:[0x8104]"
"220","59.304008","192.168.0.1","192.168.0.241","S7COMM","87","ROSCTR:[Userdata] Function:[NC Response] -> [Programmer commands] -> [Block status] -> Errorcode:[0x8104]"
"222","59.306286","192.168.0.1","192.168.0.241","S7COMM","87","ROSCTR:[Userdata] Function:[Response] -> [CPU functions] -> [Diagnostic message] -> Errorcode:[0x8104]"
"224","59.309077","192.168.0.1","192.168.0.241","S7COMM","87","ROSCTR:[Userdata] Function:[Unknown type: 0x0a] -> [Block functions] -> [List blocks of type] -> Errorcode:[0x8104]"
"226","59.311249","192.168.0.1","192.168.0.241","S7COMM","87","ROSCTR:[Userdata] Function:[Response] -> [Block functions] -> [List blocks of type] -> Errorcode:[0x8500]"
"228","59.314101","192.168.0.1","192.168.0.241","S7COMM","87","ROSCTR:[Userdata] Function:[Unknown type: 0x0a] -> [Time functions] -> [Read clock (following)] -> Errorcode:[0x8104]"
"241","61.818043","192.168.0.1","192.168.0.241","S7COMM","87","ROSCTR:[Userdata] Function:[Unknown type: 0x09] -> [Block functions] -> [List blocks] -> Errorcode:[0x8104]"
"243","61.821022","192.168.0.1","192.168.0.241","S7COMM","87","ROSCTR:[Userdata] Function:[Unknown type: 0x0a] -> [Time functions] -> [Set clock] -> Errorcode:[0x8104]"
"245","61.824002","192.168.0.1","192.168.0.241","S7COMM","87","ROSCTR:[Userdata] Function:[Unknown type: 0x0a] -> [Block functions] -> [List blocks of type] -> Errorcode:[0x8104]"
"247","61.826491","192.168.0.1","192.168.0.241","S7COMM","87","ROSCTR:[Userdata] Function:[Unknown type: 0x0a] -> [CPU functions] -> [Message service] -> Errorcode:[0x8104]"
"249","61.829435","192.168.0.1","192.168.0.241","S7COMM","87","ROSCTR:[Userdata] Function:[Response] -> [Cyclic services] -> [Cyclic transfer] -> Errorcode:[0x8104]"
"251","61.832067","192.168.0.1","192.168.0.241","S7COMM","87","ROSCTR:[Userdata] Function:[NC Response] -> [Block functions] -> [List blocks of type] -> Errorcode:[0x8104]"
"263","64.358124","192.168.0.1","192.168.0.241","S7COMM","87","ROSCTR:[Userdata] Function:[Unknown type: 0x0a] -> [Time functions] -> [Read clock (following)] -> Errorcode:[0x8104]"
"265","64.360394","192.168.0.1","192.168.0.241","S7COMM","87","ROSCTR:[Userdata] Function:[Unknown type: 0x09] -> [CPU functions] -> [Read SZL] -> Errorcode:[0x8104]"
"267","64.364144","192.168.0.1","192.168.0.241","S7COMM","87","ROSCTR:[Userdata] Function:[Response] -> [Block functions] -> [Get block info] -> Errorcode:[0x8500]"
"269","64.367394","192.168.0.1","192.168.0.241","S7COMM","87","ROSCTR:[Userdata] Function:[Unknown type: 0x09] -> [Cyclic services] -> [Unsubscribe] -> Errorcode:[0x8104]"
"271","64.370134","192.168.0.1","192.168.0.241","S7COMM","87","ROSCTR:[Userdata] Function:[Unknown type: 0x09] -> [Block functions] -> [Get block info] -> Errorcode:[0x8104]"
"273","64.373127","192.168.0.1","192.168.0.241","S7COMM","87","ROSCTR:[Userdata] Function:[NC Response] -> [Cyclic services] -> [Unsubscribe] -> Errorcode:[0x8104]"
"275","64.376129","192.168.0.1","192.168.0.241","S7COMM","87","ROSCTR:[Userdata] Function:[Unknown type: 0x0a] -> [Cyclic services] -> [Cyclic transfer] -> Errorcode:[0x8104]"
"277","64.379028","192.168.0.1","192.168.0.241","S7COMM","87","ROSCTR:[Userdata] Function:[Unknown type: 0x09] -> [Security] -> [PLC password] -> Errorcode:[0x8104]"
"279","64.382486","192.168.0.1","192.168.0.241","S7COMM","87","ROSCTR:[Userdata] Function:[Response] -> [Security] -> [PLC password] -> Errorcode:[0x8104]"
"281","64.385277","192.168.0.1","192.168.0.241","S7COMM","87","ROSCTR:[Userdata] Function:[Unknown type: 0x09] -> [Cyclic services] -> [Unsubscribe] -> Errorcode:[0x8104]"
"295","66.815357","192.168.0.1","192.168.0.241","S7COMM","87","ROSCTR:[Userdata] Function:[Unknown type: 0x0a] -> [Cyclic services] -> [Unsubscribe] -> Errorcode:[0x8104]"
"297","66.818250","192.168.0.1","192.168.0.241","S7COMM","87","ROSCTR:[Userdata] Function:[Unknown type: 0x09] -> [Programmer commands] -> [Block status] -> Errorcode:[0x8104]"
"299","66.820584","192.168.0.1","192.168.0.241","S7COMM","87","ROSCTR:[Userdata] Function:[Unknown type: 0x09] -> [Programmer commands] -> [Block status v2] -> Errorcode:[0x8104]"
"301","66.823250","192.168.0.1","192.168.0.241","S7COMM","87","ROSCTR:[Userdata] Function:[Unknown type: 0x0a] -> [Block functions] -> [Get block info] -> Errorcode:[0x8104]"
"303","66.826169","192.168.0.1","192.168.0.241","S7COMM","87","ROSCTR:[Userdata] Function:[NC Response] -> [CPU functions] -> [Message service] -> Errorcode:[0x8104]"
"305","66.829131","192.168.0.1","192.168.0.241","S7COMM","87","ROSCTR:[Userdata] Function:[Unknown type: 0x09] -> [Time functions] -> [Read clock] -> Errorcode:[0x8104]"
"307","66.831405","192.168.0.1","192.168.0.241","S7COMM","87","ROSCTR:[Userdata] Function:[Response] -> [Time functions] -> [Read clock (following)] -> Errorcode:[0x8104]"
"309","66.834238","192.168.0.1","192.168.0.241","S7COMM","87","ROSCTR:[Userdata] Function:[Unknown type: 0x09] -> [Time functions] -> [Set clock] -> Errorcode:[0x8104]"
"311","66.836440","192.168.0.1","192.168.0.241","S7COMM","87","ROSCTR:[Userdata] Function:[Response] -> [Programmer commands] -> [Block status] -> Errorcode:[0x8104]"
"313","66.839232","192.168.0.1","192.168.0.241","S7COMM","87","ROSCTR:[Userdata] Function:[Response] -> [Block functions] -> [List blocks of type] -> Errorcode:[0x8500]"
"325","69.348603","192.168.0.1","192.168.0.241","S7COMM","87","ROSCTR:[Userdata] Function:[Unknown type: 0x09] -> [Block functions] -> [List blocks] -> Errorcode:[0x8104]"
"327","69.351580","192.168.0.1","192.168.0.241","S7COMM","87","ROSCTR:[Userdata] Function:[Unknown type: 0x09] -> [Block functions] -> [List blocks] -> Errorcode:[0x8104]"
"351","74.410804","192.168.0.1","192.168.0.241","S7COMM","87","ROSCTR:[Userdata] Function:[Unknown type: 0x0a] -> [Time functions] -> [Set clock] -> Errorcode:[0x8104]"
"353","74.413610","192.168.0.1","192.168.0.241","S7COMM","87","ROSCTR:[Userdata] Function:[NC Response] -> [Security] -> [PLC password] -> Errorcode:[0x8104]"
"355","74.417604","192.168.0.1","192.168.0.241","S7COMM","87","ROSCTR:[Userdata] Function:[Response] -> [Programmer commands] -> [Block status v2] -> Errorcode:[0x8104]"
"357","74.421749","192.168.0.1","192.168.0.241","S7COMM","87","ROSCTR:[Userdata] Function:[Unknown type: 0x0a] -> [Security] -> [PLC password] -> Errorcode:[0x8104]"
"370","76.926474","192.168.0.1","192.168.0.241","S7COMM","87","ROSCTR:[Userdata] Function:[Unknown type: 0x0a] -> [Cyclic services] -> [Cyclic transfer] -> Errorcode:[0x8104]"
"382","79.432497","192.168.0.1","192.168.0.241","S7COMM","87","ROSCTR:[Userdata] Function:[Unknown type: 0x0a] -> [Programmer commands] -> [Memory reset] -> Errorcode:[0x8104]"
"396","81.966951","192.168.0.1","192.168.0.241","S7COMM","87","ROSCTR:[Userdata] Function:[Unknown type: 0x09] -> [CPU functions] -> [Message service] -> Errorcode:[0x8104]"
"398","81.971130","192.168.0.1","192.168.0.241","S7COMM","87","ROSCTR:[Userdata] Function:[Response] -> [Programmer commands] -> [Variable status] -> Errorcode:[0x8104]"
"400","81.974558","192.168.0.1","192.168.0.241","S7COMM","87","ROSCTR:[Userdata] Function:[NC Response] -> [Block functions] -> [Get block info] -> Errorcode:[0x8104]"
"402","81.977957","192.168.0.1","192.168.0.241","S7COMM","87","ROSCTR:[Userdata] Function:[Unknown type: 0x09] -> [Time functions] -> [Set clock] -> Errorcode:[0x8104]"
"404","81.981819","192.168.0.1","192.168.0.241","S7COMM","87","ROSCTR:[Userdata] Function:[NC Response] -> [Block functions] -> [List blocks] -> Errorcode:[0x8104]"
"406","81.985863","192.168.0.1","192.168.0.241","S7COMM","87","ROSCTR:[Userdata] Function:[Response] -> [Cyclic services] -> [Cyclic transfer] -> Errorcode:[0x8104]"
"408","81.989980","192.168.0.1","192.168.0.241","S7COMM","87","ROSCTR:[Userdata] Function:[Unknown type: 0x09] -> [CPU functions] -> [Message service] -> Errorcode:[0x8104]"
"431","87.025982","192.168.0.1","192.168.0.241","S7COMM","87","ROSCTR:[Userdata] Function:[Response] -> [CPU functions] -> [Message service] -> Errorcode:[0x8104]"
"455","91.998282","192.168.0.1","192.168.0.241","S7COMM","87","ROSCTR:[Userdata] Function:[Unknown type: 0x09] -> [Programmer commands] -> [Variable status] -> Errorcode:[0x8104]"
"457","92.000470","192.168.0.1","192.168.0.241","S7COMM","87","ROSCTR:[Userdata] Function:[Response] -> [CPU functions] -> [Diagnostic message] -> Errorcode:[0x8104]"
"459","92.003012","192.168.0.1","192.168.0.241","S7COMM","87","ROSCTR:[Userdata] Function:[NC Response] -> [Block functions] -> [List blocks] -> Errorcode:[0x8104]"
"475","94.561635","192.168.0.1","192.168.0.241","S7COMM","87","ROSCTR:[Userdata] Function:[Unknown type: 0x0a] -> [CPU functions] -> [Read SZL] -> Errorcode:[0x8104]"
"477","94.565356","192.168.0.1","192.168.0.241","S7COMM","87","ROSCTR:[Userdata] Function:[Unknown type: 0x0a] -> [Security] -> [PLC password] -> Errorcode:[0x8104]"
"479","94.569421","192.168.0.1","192.168.0.241","S7COMM","87","ROSCTR:[Userdata] Function:[Response] -> [Programmer commands] -> [Block status] -> Errorcode:[0x8104]"
"482","94.573644","192.168.0.1","192.168.0.241","S7COMM","87","ROSCTR:[Userdata] Function:[Unknown type: 0x0a] -> [Security] -> [PLC password] -> Errorcode:[0x8104]"
"484","94.577434","192.168.0.1","192.168.0.241","S7COMM","87","ROSCTR:[Userdata] Function:[Unknown type: 0x09] -> [Security] -> [PLC password] -> Errorcode:[0x8104]"
"500","97.068381","192.168.0.1","192.168.0.241","S7COMM","87","ROSCTR:[Userdata] Function:[Unknown type: 0x09] -> [Time functions] -> [Set clock] -> Errorcode:[0x8104]"
"502","97.071220","192.168.0.1","192.168.0.241","S7COMM","87","ROSCTR:[Userdata] Function:[Unknown type: 0x0a] -> [Programmer commands] -> [Block status v2] -> Errorcode:[0x8104]"
"504","97.074257","192.168.0.1","192.168.0.241","S7COMM","87","ROSCTR:[Userdata] Function:[Unknown type: 0x09] -> [CPU functions] -> [Diagnostic message] -> Errorcode:[0x8104]"
"506","97.077544","192.168.0.1","192.168.0.241","S7COMM","87","ROSCTR:[Userdata] Function:[Unknown type: 0x0a] -> [Security] -> [PLC password] -> Errorcode:[0x8104]"
"508","97.080049","192.168.0.1","192.168.0.241","S7COMM","87","ROSCTR:[Userdata] Function:[Unknown type: 0x0a] -> [Block functions] -> [List blocks of type] -> Errorcode:[0x8104]"
"510","97.082352","192.168.0.1","192.168.0.241","S7COMM","87","ROSCTR:[Userdata] Function:[Response] -> [Programmer commands] -> [Variable status] -> Errorcode:[0x8104]"
"512","97.085216","192.168.0.1","192.168.0.241","S7COMM","87","ROSCTR:[Userdata] Function:[Response] -> [Security] -> [PLC password] -> Errorcode:[0x8104]"
"514","97.087768","192.168.0.1","192.168.0.241","S7COMM","87","ROSCTR:[Userdata] Function:[Unknown type: 0x0a] -> [Security] -> [PLC password] -> Errorcode:[0x8104]"
"516","97.090377","192.168.0.1","192.168.0.241","S7COMM","87","ROSCTR:[Userdata] Function:[Unknown type: 0x09] -> [Programmer commands] -> [Variable status] -> Errorcode:[0x8104]"
"528","99.595517","192.168.0.1","192.168.0.241","S7COMM","87","ROSCTR:[Userdata] Function:[Unknown type: 0x0a] -> [Programmer commands] -> [Variable status] -> Errorcode:[0x8104]"
"530","99.598278","192.168.0.1","192.168.0.241","S7COMM","87","ROSCTR:[Userdata] Function:[Unknown type: 0x0a] -> [Block functions] -> [Get block info] -> Errorcode:[0x8104]"
"532","99.600515","192.168.0.1","192.168.0.241","S7COMM","87","ROSCTR:[Userdata] Function:[NC Response] -> [Time functions] -> [Read clock (following)] -> Errorcode:[0x8104]"
"534","99.603528","192.168.0.1","192.168.0.241","S7COMM","87","ROSCTR:[Userdata] Function:[Unknown type: 0x0a] -> [Programmer commands] -> [Read job list] -> Errorcode:[0x8104]"
"536","99.605578","192.168.0.1","192.168.0.241","S7COMM","87","ROSCTR:[Userdata] Function:[NC Response] -> [Security] -> [PLC password] -> Errorcode:[0x8104]"
"538","99.608659","192.168.0.1","192.168.0.241","S7COMM","87","ROSCTR:[Userdata] Function:[NC Response] -> [Block functions] -> [List blocks] -> Errorcode:[0x8104]"
"540","99.611544","192.168.0.1","192.168.0.241","S7COMM","87","ROSCTR:[Userdata] Function:[Unknown type: 0x09] -> [Security] -> [PLC password] -> Errorcode:[0x8104]"
"542","99.614057","192.168.0.1","192.168.0.241","S7COMM","87","ROSCTR:[Userdata] Function:[Unknown type: 0x09] -> [Cyclic services] -> [Cyclic transfer] -> Errorcode:[0x8104]"
"544","99.616391","192.168.0.1","192.168.0.241","S7COMM","87","ROSCTR:[Userdata] Function:[Unknown type: 0x0a] -> [Cyclic services] -> [Unsubscribe] -> Errorcode:[0x8104]"
"546","99.619388","192.168.0.1","192.168.0.241","S7COMM","87","ROSCTR:[Userdata] Function:[Response] -> [Cyclic services] -> [Cyclic transfer] -> Errorcode:[0x8104]"
"559","102.099386","192.168.0.1","192.168.0.241","S7COMM","87","ROSCTR:[Userdata] Function:[Response] -> [Programmer commands] -> [Block status] -> Errorcode:[0x8104]"
"561","102.101615","192.168.0.1","192.168.0.241","S7COMM","87","ROSCTR:[Userdata] Function:[NC Response] -> [Cyclic services] -> [Cyclic transfer] -> Errorcode:[0x8104]"
"563","102.104458","192.168.0.1","192.168.0.241","S7COMM","87","ROSCTR:[Userdata] Function:[Unknown type: 0x09] -> [Block functions] -> [List blocks of type] -> Errorcode:[0x8104]"
"565","102.107389","192.168.0.1","192.168.0.241","S7COMM","87","ROSCTR:[Userdata] Function:[Unknown type: 0x09] -> [Security] -> [PLC password] -> Errorcode:[0x8104]"
"577","104.608548","192.168.0.1","192.168.0.241","S7COMM","87","ROSCTR:[Userdata] Function:[NC Response] -> [Programmer commands] -> [Memory reset] -> Errorcode:[0x8104]"
"579","104.612456","192.168.0.1","192.168.0.241","S7COMM","87","ROSCTR:[Userdata] Function:[NC Response] -> [CPU functions] -> [Message service] -> Errorcode:[0x8104]"
"581","104.615376","192.168.0.1","192.168.0.241","S7COMM","87","ROSCTR:[Userdata] Function:[Response] -> [Cyclic services] -> [Unsubscribe] -> Errorcode:[0x8104]"
"605","109.647685","192.168.0.1","192.168.0.241","S7COMM","87","ROSCTR:[Userdata] Function:[Unknown type: 0x09] -> [CPU functions] -> [Diagnostic message] -> Errorcode:[0x8104]"
"607","109.650499","192.168.0.1","192.168.0.241","S7COMM","87","ROSCTR:[Userdata] Function:[Unknown type: 0x09] -> [CPU functions] -> [Message service] -> Errorcode:[0x8104]"
"609","109.652795","192.168.0.1","192.168.0.241","S7COMM","87","ROSCTR:[Userdata] Function:[Unknown type: 0x0a] -> [CPU functions] -> [Read SZL] -> Errorcode:[0x8104]"
"611","109.655750","192.168.0.1","192.168.0.241","S7COMM","87","ROSCTR:[Userdata] Function:[Unknown type: 0x09] -> [Programmer commands] -> [Variable status] -> Errorcode:[0x8104]"
"635","114.682069","192.168.0.1","192.168.0.241","S7COMM","87","ROSCTR:[Userdata] Function:[Unknown type: 0x0a] -> [Security] -> [PLC password] -> Errorcode:[0x8104]"
"637","114.684825","192.168.0.1","192.168.0.241","S7COMM","87","ROSCTR:[Userdata] Function:[Response] -> [Time functions] -> [Set clock] -> Errorcode:[0x8104]"
"639","114.687798","192.168.0.1","192.168.0.241","S7COMM","87","ROSCTR:[Userdata] Function:[Unknown type: 0x0a] -> [Block functions] -> [List blocks of type] -> Errorcode:[0x8104]"
"641","114.690060","192.168.0.1","192.168.0.241","S7COMM","87","ROSCTR:[Userdata] Function:[Response] -> [Programmer commands] -> [Block status v2] -> Errorcode:[0x8104]"
"654","117.191942","192.168.0.1","192.168.0.241","S7COMM","87","ROSCTR:[Userdata] Function:[NC Response] -> [Security] -> [PLC password] -> Errorcode:[0x8104]"
"656","117.194958","192.168.0.1","192.168.0.241","S7COMM","87","ROSCTR:[Userdata] Function:[Unknown type: 0x09] -> [Programmer commands] -> [Variable status] -> Errorcode:[0x8104]"
"658","117.197454","192.168.0.1","192.168.0.241","S7COMM","87","ROSCTR:[Userdata] Function:[Unknown type: 0x09] -> [Block functions] -> [List blocks] -> Errorcode:[0x8104]"
"660","117.200032","192.168.0.1","192.168.0.241","S7COMM","87","ROSCTR:[Userdata] Function:[Response] -> [Cyclic services] -> [Cyclic transfer] -> Errorcode:[0x8104]"
"662","117.202994","192.168.0.1","192.168.0.241","S7COMM","87","ROSCTR:[Userdata] Function:[Unknown type: 0x0a] -> [Programmer commands] -> [Block status v2] -> Errorcode:[0x8104]"
"664","117.205935","192.168.0.1","192.168.0.241","S7COMM","87","ROSCTR:[Userdata] Function:[Unknown type: 0x0a] -> [CPU functions] -> [Message service] -> Errorcode:[0x8104]"
"676","119.757317","192.168.0.1","192.168.0.241","S7COMM","87","ROSCTR:[Userdata] Function:[NC Response] -> [Block functions] -> [Get block info] -> Errorcode:[0x8104]"
"690","122.259050","192.168.0.1","192.168.0.241","S7COMM","87","ROSCTR:[Userdata] Function:[NC Response] -> [Time functions] -> [Set clock] -> Errorcode:[0x8104]"
"692","122.262034","192.168.0.1","192.168.0.241","S7COMM","87","ROSCTR:[Userdata] Function:[NC Response] -> [Security] -> [PLC password] -> Errorcode:[0x8104]"
"694","122.264673","192.168.0.1","192.168.0.241","S7COMM","87","ROSCTR:[Userdata] Function:[Response] -> [Security] -> [PLC password] -> Errorcode:[0x8104]"
"696","122.267606","192.168.0.1","192.168.0.241","S7COMM","87","ROSCTR:[Userdata] Function:[Response] -> [Block functions] -> [List blocks] -> Errorcode:[0x8500]"
"698","122.270156","192.168.0.1","192.168.0.241","S7COMM","87","ROSCTR:[Userdata] Function:[NC Response] -> [Security] -> [PLC password] -> Errorcode:[0x8104]"
"710","124.768440","192.168.0.1","192.168.0.241","S7COMM","87","ROSCTR:[Userdata] Function:[Unknown type: 0x0a] -> [Time functions] -> [Read clock (following)] -> Errorcode:[0x8104]"
"712","124.770968","192.168.0.1","192.168.0.241","S7COMM","87","ROSCTR:[Userdata] Function:[Response] -> [Programmer commands] -> [Variable status] -> Errorcode:[0x8104]"
"715","124.775236","192.168.0.1","192.168.0.241","S7COMM","87","ROSCTR:[Userdata] Function:[Unknown type: 0x09] -> [Time functions] -> [Set clock] -> Errorcode:[0x8104]"
"717","124.778389","192.168.0.1","192.168.0.241","S7COMM","87","ROSCTR:[Userdata] Function:[Unknown type: 0x0a] -> [CPU functions] -> [Message service] -> Errorcode:[0x8104]"
"719","124.781890","192.168.0.1","192.168.0.241","S7COMM","87","ROSCTR:[Userdata] Function:[Unknown type: 0x09] -> [Cyclic services] -> [Unsubscribe] -> Errorcode:[0x8104]"
"721","124.785371","192.168.0.1","192.168.0.241","S7COMM","87","ROSCTR:[Userdata] Function:[Unknown type: 0x0a] -> [Programmer commands] -> [Block status] -> Errorcode:[0x8104]"
"723","124.788167","192.168.0.1","192.168.0.241","S7COMM","87","ROSCTR:[Userdata] Function:[Unknown type: 0x0a] -> [Security] -> [PLC password] -> Errorcode:[0x8104]"
"725","124.791293","192.168.0.1","192.168.0.241","S7COMM","87","ROSCTR:[Userdata] Function:[Unknown type: 0x0a] -> [Block functions] -> [List blocks] -> Errorcode:[0x8104]"
"727","124.793696","192.168.0.1","192.168.0.241","S7COMM","87","ROSCTR:[Userdata] Function:[Response] -> [Cyclic services] -> [Cyclic transfer] -> Errorcode:[0x8104]"
"729","124.796622","192.168.0.1","192.168.0.241","S7COMM","87","ROSCTR:[Userdata] Function:[Response] -> [Cyclic services] -> [Cyclic transfer] -> Errorcode:[0x8104]"
"742","127.274630","192.168.0.1","192.168.0.241","S7COMM","87","ROSCTR:[Userdata] Function:[NC Response] -> [Programmer commands] -> [Block status v2] -> Errorcode:[0x8104]"
"744","127.277105","192.168.0.1","192.168.0.241","S7COMM","87","ROSCTR:[Userdata] Function:[Unknown type: 0x09] -> [Programmer commands] -> [Delete job] -> Errorcode:[0x8104]"
"746","127.279147","192.168.0.1","192.168.0.241","S7COMM","87","ROSCTR:[Userdata] Function:[Unknown type: 0x09] -> [CPU functions] -> [Diagnostic message] -> Errorcode:[0x8104]"
"759","129.794405","192.168.0.1","192.168.0.241","S7COMM","87","ROSCTR:[Userdata] Function:[Unknown type: 0x0a] -> [Block functions] -> [List blocks] -> Errorcode:[0x8104]"
"761","129.796882","192.168.0.1","192.168.0.241","S7COMM","87","ROSCTR:[Userdata] Function:[NC Response] -> [Cyclic services] -> [Cyclic transfer] -> Errorcode:[0x8104]"
"763","129.799497","192.168.0.1","192.168.0.241","S7COMM","87","ROSCTR:[Userdata] Function:[NC Response] -> [Cyclic services] -> [Cyclic transfer] -> Errorcode:[0x8104]"
"765","129.802717","192.168.0.1","192.168.0.241","S7COMM","87","ROSCTR:[Userdata] Function:[Unknown type: 0x09] -> [Security] -> [PLC password] -> Errorcode:[0x8104]"
"767","129.805574","192.168.0.1","192.168.0.241","S7COMM","87","ROSCTR:[Userdata] Function:[NC Response] -> [Programmer commands] -> [Memory reset] -> Errorcode:[0x8104]"
"769","129.808638","192.168.0.1","192.168.0.241","S7COMM","87","ROSCTR:[Userdata] Function:[NC Response] -> [Cyclic services] -> [Unsubscribe] -> Errorcode:[0x8104]"
"771","129.811693","192.168.0.1","192.168.0.241","S7COMM","87","ROSCTR:[Userdata] Function:[Unknown type: 0x0a] -> [CPU functions] -> [Read SZL] -> Errorcode:[0x8104]"
"773","129.814359","192.168.0.1","192.168.0.241","S7COMM","87","ROSCTR:[Userdata] Function:[Response] -> [Block functions] -> [Get block info] -> Errorcode:[0x8500]"
"775","129.816609","192.168.0.1","192.168.0.241","S7COMM","87","ROSCTR:[Userdata] Function:[Unknown type: 0x0a] -> [Time functions] -> [Read clock (following)] -> Errorcode:[0x8104]"
"777","129.819376","192.168.0.1","192.168.0.241","S7COMM","87","ROSCTR:[Userdata] Function:[Response] -> [Time functions] -> [Read clock (following)] -> Errorcode:[0x8104]"
"790","132.337689","192.168.0.1","192.168.0.241","S7COMM","87","ROSCTR:[Userdata] Function:[NC Response] -> [Time functions] -> [Read clock] -> Errorcode:[0x8104]"
"792","132.340603","192.168.0.1","192.168.0.241","S7COMM","87","ROSCTR:[Userdata] Function:[NC Response] -> [Programmer commands] -> [Enable job] -> Errorcode:[0x8104]"
"794","132.343520","192.168.0.1","192.168.0.241","S7COMM","87","ROSCTR:[Userdata] Function:[Unknown type: 0x09] -> [Time functions] -> [Read clock (following)] -> Errorcode:[0x8104]"
"796","132.346259","192.168.0.1","192.168.0.241","S7COMM","87","ROSCTR:[Userdata] Function:[Unknown type: 0x0a] -> [Security] -> [PLC password] -> Errorcode:[0x8104]"
"808","134.849484","192.168.0.1","192.168.0.241","S7COMM","87","ROSCTR:[Userdata] Function:[NC Response] -> [CPU functions] -> [Read SZL] -> Errorcode:[0x8104]"
"810","134.852422","192.168.0.1","192.168.0.241","S7COMM","87","ROSCTR:[Userdata] Function:[NC Response] -> [Block functions] -> [Get block info] -> Errorcode:[0x8104]"
"812","134.854680","192.168.0.1","192.168.0.241","S7COMM","87","ROSCTR:[Userdata] Function:[NC Response] -> [Block functions] -> [Get block info] -> Errorcode:[0x8104]"
"814","134.857510","192.168.0.1","192.168.0.241","S7COMM","87","ROSCTR:[Userdata] Function:[Unknown type: 0x09] -> [Time functions] -> [Read clock (following)] -> Errorcode:[0x8104]"
"816","134.859705","192.168.0.1","192.168.0.241","S7COMM","87","ROSCTR:[Userdata] Function:[Unknown type: 0x0a] -> [Programmer commands] -> [Memory reset] -> Errorcode:[0x8104]"
"830","137.354084","192.168.0.1","192.168.0.241","S7COMM","87","ROSCTR:[Userdata] Function:[NC Response] -> [Programmer commands] -> [Enable job] -> Errorcode:[0x8104]"
"832","137.356630","192.168.0.1","192.168.0.241","S7COMM","87","ROSCTR:[Userdata] Function:[Response] -> [Programmer commands] -> [Block status v2] -> Errorcode:[0x8104]"
"834","137.359451","192.168.0.1","192.168.0.241","S7COMM","87","ROSCTR:[Userdata] Function:[Response] -> [Block functions] -> [List blocks of type] -> Errorcode:[0x8500]"
"836","137.362013","192.168.0.1","192.168.0.241","S7COMM","87","ROSCTR:[Userdata] Function:[Unknown type: 0x09] -> [Time functions] -> [Read clock (following)] -> Errorcode:[0x8104]"
"838","137.364540","192.168.0.1","192.168.0.241","S7COMM","87","ROSCTR:[Userdata] Function:[Response] -> [Security] -> [PLC password] -> Errorcode:[0x8104]"
"840","137.367484","192.168.0.1","192.168.0.241","S7COMM","87","ROSCTR:[Userdata] Function:[NC Response] -> [Cyclic services] -> [Cyclic transfer] -> Errorcode:[0x8104]"
"842","137.370842","192.168.0.1","192.168.0.241","S7COMM","87","ROSCTR:[Userdata] Function:[NC Response] -> [Block functions] -> [List blocks] -> Errorcode:[0x8104]"
"844","137.373610","192.168.0.1","192.168.0.241","S7COMM","87","ROSCTR:[Userdata] Function:[Response] -> [Block functions] -> [List blocks of type] -> Errorcode:[0x8500]"
"846","137.376739","192.168.0.1","192.168.0.241","S7COMM","87","ROSCTR:[Userdata] Function:[Unknown type: 0x0a] -> [Programmer commands] -> [Enable job] -> Errorcode:[0x8104]"
"848","137.379587","192.168.0.1","192.168.0.241","S7COMM","87","ROSCTR:[Userdata] Function:[NC Response] -> [Security] -> [PLC password] -> Errorcode:[0x8104]"
"860","139.857900","192.168.0.1","192.168.0.241","S7COMM","87","ROSCTR:[Userdata] Function:[Unknown type: 0x0a] -> [Cyclic services] -> [Cyclic transfer] -> Errorcode:[0x8104]"
"862","139.860875","192.168.0.1","192.168.0.241","S7COMM","87","ROSCTR:[Userdata] Function:[Response] -> [Block functions] -> [List blocks] -> Errorcode:[0x8500]"
"864","139.864819","192.168.0.1","192.168.0.241","S7COMM","87","ROSCTR:[Userdata] Function:[Unknown type: 0x09] -> [Block functions] -> [List blocks of type] -> Errorcode:[0x8104]"
"866","139.868958","192.168.0.1","192.168.0.241","S7COMM","87","ROSCTR:[Userdata] Function:[Unknown type: 0x09] -> [CPU functions] -> [Read SZL] -> Errorcode:[0x8104]"
"868","139.871830","192.168.0.1","192.168.0.241","S7COMM","87","ROSCTR:[Userdata] Function:[NC Response] -> [Time functions] -> [Set clock] -> Errorcode:[0x8104]"
"870","139.874821","192.168.0.1","192.168.0.241","S7COMM","87","ROSCTR:[Userdata] Function:[Response] -> [Cyclic services] -> [Cyclic transfer] -> Errorcode:[0x8104]"
"872","139.878641","192.168.0.1","192.168.0.241","S7COMM","87","ROSCTR:[Userdata] Function:[Response] -> [Time functions] -> [Read clock (following)] -> Errorcode:[0x8104]"
"874","139.881614","192.168.0.1","192.168.0.241","S7COMM","87","ROSCTR:[Userdata] Function:[Response] -> [Security] -> [PLC password] -> Errorcode:[0x8104]"
"876","139.884931","192.168.0.1","192.168.0.241","S7COMM","87","ROSCTR:[Userdata] Function:[Response] -> [Programmer commands] -> [Enable job] -> Errorcode:[0x8104]"
"878","139.887925","192.168.0.1","192.168.0.241","S7COMM","87","ROSCTR:[Userdata] Function:[Unknown type: 0x0a] -> [Security] -> [PLC password] -> Errorcode:[0x8104]"
"891","142.387735","192.168.0.1","192.168.0.241","S7COMM","87","ROSCTR:[Userdata] Function:[Unknown type: 0x09] -> [Time functions] -> [Set clock] -> Errorcode:[0x8104]"
"915","147.433390","192.168.0.1","192.168.0.241","S7COMM","87","ROSCTR:[Userdata] Function:[Unknown type: 0x0a] -> [Cyclic services] -> [Unsubscribe] -> Errorcode:[0x8104]"
"917","147.436422","192.168.0.1","192.168.0.241","S7COMM","87","ROSCTR:[Userdata] Function:[NC Response] -> [CPU functions] -> [Diagnostic message] -> Errorcode:[0x8104]"
"930","149.945301","192.168.0.1","192.168.0.241","S7COMM","87","ROSCTR:[Userdata] Function:[Unknown type: 0x09] -> [Block functions] -> [List blocks of type] -> Errorcode:[0x8104]"
"932","149.948419","192.168.0.1","192.168.0.241","S7COMM","87","ROSCTR:[Userdata] Function:[Response] -> [Block functions] -> [Get block info] -> Errorcode:[0x8500]"
"934","149.951293","192.168.0.1","192.168.0.241","S7COMM","87","ROSCTR:[Userdata] Function:[Unknown type: 0x09] -> [Time functions] -> [Set clock] -> Errorcode:[0x8104]"
"936","149.954170","192.168.0.1","192.168.0.241","S7COMM","87","ROSCTR:[Userdata] Function:[Response] -> [Security] -> [PLC password] -> Errorcode:[0x8104]"
"938","149.957288","192.168.0.1","192.168.0.241","S7COMM","87","ROSCTR:[Userdata] Function:[NC Response] -> [Security] -> [PLC password] -> Errorcode:[0x8104]"
"940","149.960289","192.168.0.1","192.168.0.241","S7COMM","87","ROSCTR:[Userdata] Function:[Unknown type: 0x0a] -> [Programmer commands] -> [Block status v2] -> Errorcode:[0x8104]"
"942","149.963221","192.168.0.1","192.168.0.241","S7COMM","87","ROSCTR:[Userdata] Function:[Response] -> [Time functions] -> [Set clock] -> Errorcode:[0x8500]"
"944","149.966187","192.168.0.1","192.168.0.241","S7COMM","87","ROSCTR:[Userdata] Function:[Response] -> [Cyclic services] -> [Unsubscribe] -> Errorcode:[0x8104]"
"946","149.969422","192.168.0.1","192.168.0.241","S7COMM","87","ROSCTR:[Userdata] Function:[Unknown type: 0x09] -> [Time functions] -> [Set clock] -> Errorcode:[0x8104]"
"948","149.972250","192.168.0.1","192.168.0.241","S7COMM","87","ROSCTR:[Userdata] Function:[Unknown type: 0x0a] -> [Block functions] -> [List blocks] -> Errorcode:[0x8104]"
"961","152.443071","192.168.0.1","192.168.0.241","S7COMM","87","ROSCTR:[Userdata] Function:[Response] -> [Security] -> [PLC password] -> Errorcode:[0x8104]"
"976","154.972305","192.168.0.1","192.168.0.241","S7COMM","87","ROSCTR:[Userdata] Function:[NC Response] -> [Security] -> [PLC password] -> Errorcode:[0x8104]"
"979","154.975977","192.168.0.1","192.168.0.241","S7COMM","87","ROSCTR:[Userdata] Function:[Response] -> [Block functions] -> [List blocks of type] -> Errorcode:[0x8500]"
"981","154.978242","192.168.0.1","192.168.0.241","S7COMM","87","ROSCTR:[Userdata] Function:[Unknown type: 0x0a] -> [Programmer commands] -> [Variable status] -> Errorcode:[0x8104]"
"983","154.981135","192.168.0.1","192.168.0.241","S7COMM","87","ROSCTR:[Userdata] Function:[NC Response] -> [Cyclic services] -> [Unsubscribe] -> Errorcode:[0x8104]"
"996","157.493750","192.168.0.1","192.168.0.241","S7COMM","87","ROSCTR:[Userdata] Function:[Unknown type: 0x09] -> [CPU functions] -> [Read SZL] -> Errorcode:[0x8104]"
"998","157.496231","192.168.0.1","192.168.0.241","S7COMM","87","ROSCTR:[Userdata] Function:[Unknown type: 0x0a] -> [CPU functions] -> [Diagnostic message] -> Errorcode:[0x8104]"
"1000","157.499517","192.168.0.1","192.168.0.241","S7COMM","87","ROSCTR:[Userdata] Function:[NC Response] -> [CPU functions] -> [Diagnostic message] -> Errorcode:[0x8104]"
"1012","160.023338","192.168.0.1","192.168.0.241","S7COMM","87","ROSCTR:[Userdata] Function:[Unknown type: 0x0a] -> [Programmer commands] -> [Enable job] -> Errorcode:[0x8104]"
"1014","160.026643","192.168.0.1","192.168.0.241","S7COMM","87","ROSCTR:[Userdata] Function:[Unknown type: 0x0a] -> [Cyclic services] -> [Cyclic transfer] -> Errorcode:[0x8104]"
"1016","160.029680","192.168.0.1","192.168.0.241","S7COMM","87","ROSCTR:[Userdata] Function:[NC Response] -> [Time functions] -> [Set clock] -> Errorcode:[0x8104]"
"1018","160.032756","192.168.0.1","192.168.0.241","S7COMM","87","ROSCTR:[Userdata] Function:[Unknown type: 0x0a] -> [Block functions] -> [Get block info] -> Errorcode:[0x8104]"
"1020","160.035508","192.168.0.1","192.168.0.241","S7COMM","87","ROSCTR:[Userdata] Function:[Unknown type: 0x0a] -> [CPU functions] -> [Read SZL] -> Errorcode:[0x8104]"
"1044","165.089774","192.168.0.1","192.168.0.241","S7COMM","87","ROSCTR:[Userdata] Function:[NC Response] -> [Cyclic services] -> [Cyclic transfer] -> Errorcode:[0x8104]"
"1046","165.093900","192.168.0.1","192.168.0.241","S7COMM","87","ROSCTR:[Userdata] Function:[Response] -> [Programmer commands] -> [Delete job] -> Errorcode:[0x8104]"
"1048","165.097736","192.168.0.1","192.168.0.241","S7COMM","87","ROSCTR:[Userdata] Function:[Response] -> [Block functions] -> [Get block info] -> Errorcode:[0x8500]"
"1050","165.101835","192.168.0.1","192.168.0.241","S7COMM","87","ROSCTR:[Userdata] Function:[NC Response] -> [Block functions] -> [Get block info] -> Errorcode:[0x8104]"
"1063","167.593544","192.168.0.1","192.168.0.241","S7COMM","87","ROSCTR:[Userdata] Function:[Unknown type: 0x0a] -> [CPU functions] -> [Message service] -> Errorcode:[0x8104]"
"1065","167.596808","192.168.0.1","192.168.0.241","S7COMM","87","ROSCTR:[Userdata] Function:[Unknown type: 0x09] -> [Programmer commands] -> [Block status v2] -> Errorcode:[0x8104]"
"1067","167.599454","192.168.0.1","192.168.0.241","S7COMM","87","ROSCTR:[Userdata] Function:[Response] -> [Cyclic services] -> [Unsubscribe] -> Errorcode:[0x8104]"
"1069","167.601692","192.168.0.1","192.168.0.241","S7COMM","87","ROSCTR:[Userdata] Function:[Unknown type: 0x09] -> [CPU functions] -> [Diagnostic message] -> Errorcode:[0x8104]"
"1071","167.604029","192.168.0.1","192.168.0.241","S7COMM","87","ROSCTR:[Userdata] Function:[NC Response] -> [Block functions] -> [List blocks] -> Errorcode:[0x8104]"
"1073","167.606891","192.168.0.1","192.168.0.241","S7COMM","87","ROSCTR:[Userdata] Function:[Unknown type: 0x0a] -> [Block functions] -> [Get block info] -> Errorcode:[0x8104]"
"1075","167.609593","192.168.0.1","192.168.0.241","S7COMM","87","ROSCTR:[Userdata] Function:[Unknown type: 0x09] -> [Cyclic services] -> [Unsubscribe] -> Errorcode:[0x8104]"
"1077","167.612546","192.168.0.1","192.168.0.241","S7COMM","87","ROSCTR:[Userdata] Function:[Unknown type: 0x0a] -> [Time functions] -> [Set clock] -> Errorcode:[0x8104]"
"1079","167.615088","192.168.0.1","192.168.0.241","S7COMM","87","ROSCTR:[Userdata] Function:[NC Response] -> [Programmer commands] -> [Block status v2] -> Errorcode:[0x8104]"
"1081","167.617743","192.168.0.1","192.168.0.241","S7COMM","87","ROSCTR:[Userdata] Function:[Unknown type: 0x0a] -> [Block functions] -> [List blocks of type] -> Errorcode:[0x8104]"
"1094","170.105035","192.168.0.1","192.168.0.241","S7COMM","87","ROSCTR:[Userdata] Function:[NC Response] -> [Cyclic services] -> [Unsubscribe] -> Errorcode:[0x8104]"
"1107","172.630003","192.168.0.1","192.168.0.241","S7COMM","87","ROSCTR:[Userdata] Function:[Unknown type: 0x09] -> [Security] -> [PLC password] -> Errorcode:[0x8104]"
"1109","172.632914","192.168.0.1","192.168.0.241","S7COMM","87","ROSCTR:[Userdata] Function:[NC Response] -> [CPU functions] -> [Diagnostic message] -> Errorcode:[0x8104]"
"1111","172.635760","192.168.0.1","192.168.0.241","S7COMM","87","ROSCTR:[Userdata] Function:[Response] -> [Block functions] -> [List blocks of type] -> Errorcode:[0x8500]"
"1113","172.638143","192.168.0.1","192.168.0.241","S7COMM","87","ROSCTR:[Userdata] Function:[NC Response] -> [Programmer commands] -> [Block status] -> Errorcode:[0x8104]"
"1115","172.641707","192.168.0.1","192.168.0.241","S7COMM","87","ROSCTR:[Userdata] Function:[NC Response] -> [Programmer commands] -> [Delete job] -> Errorcode:[0x8104]"
"1127","175.145786","192.168.0.1","192.168.0.241","S7COMM","87","ROSCTR:[Userdata] Function:[Response] -> [CPU functions] -> [Read SZL] -> Errorcode:[0x8104]"
"1129","175.148665","192.168.0.1","192.168.0.241","S7COMM","87","ROSCTR:[Userdata] Function:[Unknown type: 0x0a] -> [Cyclic services] -> [Cyclic transfer] -> Errorcode:[0x8104]"
"1131","175.150882","192.168.0.1","192.168.0.241","S7COMM","87","ROSCTR:[Userdata] Function:[Unknown type: 0x0a] -> [Time functions] -> [Set clock] -> Errorcode:[0x8104]"
"1133","175.153116","192.168.0.1","192.168.0.241","S7COMM","87","ROSCTR:[Userdata] Function:[Response] -> [Security] -> [PLC password] -> Errorcode:[0x8104]"
"1135","175.156024","192.168.0.1","192.168.0.241","S7COMM","87","ROSCTR:[Userdata] Function:[Unknown type: 0x09] -> [Block functions] -> [List blocks] -> Errorcode:[0x8104]"
"1137","175.158798","192.168.0.1","192.168.0.241","S7COMM","87","ROSCTR:[Userdata] Function:[NC Response] -> [Block functions] -> [List blocks] -> Errorcode:[0x8104]"
"1139","175.161790","192.168.0.1","192.168.0.241","S7COMM","87","ROSCTR:[Userdata] Function:[Response] -> [Time functions] -> [Set clock] -> Errorcode:[0x8500]"
"1141","175.164156","192.168.0.1","192.168.0.241","S7COMM","87","ROSCTR:[Userdata] Function:[Unknown type: 0x09] -> [Cyclic services] -> [Unsubscribe] -> Errorcode:[0x8104]"
"1143","175.166887","192.168.0.1","192.168.0.241","S7COMM","87","ROSCTR:[Userdata] Function:[Unknown type: 0x0a] -> [Cyclic services] -> [Unsubscribe] -> Errorcode:[0x8104]"
"1145","175.169854","192.168.0.1","192.168.0.241","S7COMM","87","ROSCTR:[Userdata] Function:[Unknown type: 0x09] -> [Block functions] -> [Get block info] -> Errorcode:[0x8104]"
"1159","177.706453","192.168.0.1","192.168.0.241","S7COMM","87","ROSCTR:[Userdata] Function:[Response] -> [Security] -> [PLC password] -> Errorcode:[0x8104]"
"1161","177.708900","192.168.0.1","192.168.0.241","S7COMM","87","ROSCTR:[Userdata] Function:[Unknown type: 0x09] -> [Time functions] -> [Read clock] -> Errorcode:[0x8104]"
"1163","177.711139","192.168.0.1","192.168.0.241","S7COMM","87","ROSCTR:[Userdata] Function:[Response] -> [CPU functions] -> [Message service] -> Errorcode:[0x8104]"
"1165","177.713966","192.168.0.1","192.168.0.241","S7COMM","87","ROSCTR:[Userdata] Function:[Unknown type: 0x0a] -> [CPU functions] -> [Message service] -> Errorcode:[0x8104]"
"1167","177.716675","192.168.0.1","192.168.0.241","S7COMM","87","ROSCTR:[Userdata] Function:[NC Response] -> [Time functions] -> [Set clock] -> Errorcode:[0x8104]"
"1169","177.719725","192.168.0.1","192.168.0.241","S7COMM","87","ROSCTR:[Userdata] Function:[NC Response] -> [CPU functions] -> [Message service] -> Errorcode:[0x8104]"
"1181","180.184432","192.168.0.1","192.168.0.241","S7COMM","87","ROSCTR:[Userdata] Function:[NC Response] -> [CPU functions] -> [Message service] -> Errorcode:[0x8104]"
"1183","180.187223","192.168.0.1","192.168.0.241","S7COMM","87","ROSCTR:[Userdata] Function:[Response] -> [Cyclic services] -> [Cyclic transfer] -> Errorcode:[0x8104]"
"1185","180.189981","192.168.0.1","192.168.0.241","S7COMM","87","ROSCTR:[Userdata] Function:[Unknown type: 0x0a] -> [Time functions] -> [Read clock] -> Errorcode:[0x8104]"
"1187","180.193241","192.168.0.1","192.168.0.241","S7COMM","87","ROSCTR:[Userdata] Function:[Unknown type: 0x0a] -> [Security] -> [PLC password] -> Errorcode:[0x8104]"
"1189","180.196282","192.168.0.1","192.168.0.241","S7COMM","87","ROSCTR:[Userdata] Function:[Unknown type: 0x09] -> [Block functions] -> [Get block info] -> Errorcode:[0x8104]"
"1191","180.199296","192.168.0.1","192.168.0.241","S7COMM","87","ROSCTR:[Userdata] Function:[Response] -> [CPU functions] -> [Read SZL] -> Errorcode:[0x8104]"
"1193","180.202158","192.168.0.1","192.168.0.241","S7COMM","87","ROSCTR:[Userdata] Function:[NC Response] -> [Block functions] -> [List blocks] -> Errorcode:[0x8104]"
"1195","180.204846","192.168.0.1","192.168.0.241","S7COMM","87","ROSCTR:[Userdata] Function:[NC Response] -> [Cyclic services] -> [Cyclic transfer] -> Errorcode:[0x8104]"
"1197","180.207097","192.168.0.1","192.168.0.241","S7COMM","87","ROSCTR:[Userdata] Function:[Unknown type: 0x0a] -> [CPU functions] -> [Message service] -> Errorcode:[0x8104]"
"1199","180.209704","192.168.0.1","192.168.0.241","S7COMM","87","ROSCTR:[Userdata] Function:[Response] -> [Security] -> [PLC password] -> Errorcode:[0x8104]"
"1222","185.287411","192.168.0.1","192.168.0.241","S7COMM","87","ROSCTR:[Userdata] Function:[Response] -> [Block functions] -> [List blocks] -> Errorcode:[0x8500]"
"1224","185.290124","192.168.0.1","192.168.0.241","S7COMM","87","ROSCTR:[Userdata] Function:[Unknown type: 0x09] -> [Cyclic services] -> [Cyclic transfer] -> Errorcode:[0x8104]"
"1226","185.292327","192.168.0.1","192.168.0.241","S7COMM","87","ROSCTR:[Userdata] Function:[NC Response] -> [Security] -> [PLC password] -> Errorcode:[0x8104]"
"1240","187.739295","192.168.0.1","192.168.0.241","S7COMM","87","ROSCTR:[Userdata] Function:[Response] -> [Cyclic services] -> [Cyclic transfer] -> Errorcode:[0x8104]"
"1242","187.742878","192.168.0.1","192.168.0.241","S7COMM","87","ROSCTR:[Userdata] Function:[Unknown type: 0x09] -> [Cyclic services] -> [Unsubscribe] -> Errorcode:[0x8104]"
"1244","187.745847","192.168.0.1","192.168.0.241","S7COMM","87","ROSCTR:[Userdata] Function:[Response] -> [Time functions] -> [Set clock] -> Errorcode:[0x8104]"
"1246","187.748411","192.168.0.1","192.168.0.241","S7COMM","87","ROSCTR:[Userdata] Function:[Response] -> [CPU functions] -> [Read SZL] -> Errorcode:[0x8104]"
"1248","187.750435","192.168.0.1","192.168.0.241","S7COMM","87","ROSCTR:[Userdata] Function:[Unknown type: 0x09] -> [Cyclic services] -> [Unsubscribe] -> Errorcode:[0x8104]"
"1250","187.752615","192.168.0.1","192.168.0.241","S7COMM","87","ROSCTR:[Userdata] Function:[NC Response] -> [CPU functions] -> [Message service] -> Errorcode:[0x8104]"
"1252","187.755284","192.168.0.1","192.168.0.241","S7COMM","87","ROSCTR:[Userdata] Function:[Unknown type: 0x09] -> [Block functions] -> [List blocks of type] -> Errorcode:[0x8104]"
"1254","187.758651","192.168.0.1","192.168.0.241","S7COMM","87","ROSCTR:[Userdata] Function:[Response] -> [CPU functions] -> [Diagnostic message] -> Errorcode:[0x8104]"
"1256","187.761149","192.168.0.1","192.168.0.241","S7COMM","87","ROSCTR:[Userdata] Function:[Unknown type: 0x0a] -> [Block functions] -> [List blocks] -> Errorcode:[0x8104]"
"1258","187.763724","192.168.0.1","192.168.0.241","S7COMM","87","ROSCTR:[Userdata] Function:[Unknown type: 0x0a] -> [Security] -> [PLC password] -> Errorcode:[0x8104]"
"1270","190.221082","192.168.0.1","192.168.0.241","S7COMM","87","ROSCTR:[Userdata] Function:[Unknown type: 0x09] -> [Time functions] -> [Read clock] -> Errorcode:[0x8104]"
"1272","190.223541","192.168.0.1","192.168.0.241","S7COMM","87","ROSCTR:[Userdata] Function:[Response] -> [Programmer commands] -> [Delete job] -> Errorcode:[0x8104]"
"1274","190.226629","192.168.0.1","192.168.0.241","S7COMM","87","ROSCTR:[Userdata] Function:[Unknown type: 0x09] -> [CPU functions] -> [Read SZL] -> Errorcode:[0x8104]"
"1276","190.229841","192.168.0.1","192.168.0.241","S7COMM","87","ROSCTR:[Userdata] Function:[Response] -> [Security] -> [PLC password] -> Errorcode:[0x8104]"
"1278","190.232845","192.168.0.1","192.168.0.241","S7COMM","87","ROSCTR:[Userdata] Function:[NC Response] -> [CPU functions] -> [Read SZL] -> Errorcode:[0x8104]"
"1280","190.235595","192.168.0.1","192.168.0.241","S7COMM","87","ROSCTR:[Userdata] Function:[Unknown type: 0x0a] -> [Time functions] -> [Read clock] -> Errorcode:[0x8104]"
"1293","192.802465","192.168.0.1","192.168.0.241","S7COMM","87","ROSCTR:[Userdata] Function:[NC Response] -> [Programmer commands] -> [Block status] -> Errorcode:[0x8104]"
"1295","192.805633","192.168.0.1","192.168.0.241","S7COMM","87","ROSCTR:[Userdata] Function:[Unknown type: 0x09] -> [Time functions] -> [Set clock] -> Errorcode:[0x8104]"
"1297","192.808184","192.168.0.1","192.168.0.241","S7COMM","87","ROSCTR:[Userdata] Function:[Unknown type: 0x0a] -> [Block functions] -> [List blocks of type] -> Errorcode:[0x8104]"
"1299","192.810423","192.168.0.1","192.168.0.241","S7COMM","87","ROSCTR:[Userdata] Function:[NC Response] -> [Security] -> [PLC password] -> Errorcode:[0x8104]"
"1301","192.812764","192.168.0.1","192.168.0.241","S7COMM","87","ROSCTR:[Userdata] Function:[Unknown type: 0x09] -> [Programmer commands] -> [Enable job] -> Errorcode:[0x8104]"
"1303","192.815739","192.168.0.1","192.168.0.241","S7COMM","87","ROSCTR:[Userdata] Function:[NC Response] -> [Cyclic services] -> [Unsubscribe] -> Errorcode:[0x8104]"
"1305","192.818353","192.168.0.1","192.168.0.241","S7COMM","87","ROSCTR:[Userdata] Function:[Unknown type: 0x09] -> [Time functions] -> [Set clock] -> Errorcode:[0x8104]"
"1307","192.820564","192.168.0.1","192.168.0.241","S7COMM","87","ROSCTR:[Userdata] Function:[NC Response] -> [Security] -> [PLC password] -> Errorcode:[0x8104]"
"1320","195.295539","192.168.0.1","192.168.0.241","S7COMM","87","ROSCTR:[Userdata] Function:[Unknown type: 0x09] -> [Security] -> [PLC password] -> Errorcode:[0x8104]"
"1322","195.298265","192.168.0.1","192.168.0.241","S7COMM","87","ROSCTR:[Userdata] Function:[Response] -> [CPU functions] -> [Message service] -> Errorcode:[0x8104]"
"1324","195.300514","192.168.0.1","192.168.0.241","S7COMM","87","ROSCTR:[Userdata] Function:[NC Response] -> [Time functions] -> [Read clock (following)] -> Errorcode:[0x8104]"
"1326","195.302888","192.168.0.1","192.168.0.241","S7COMM","87","ROSCTR:[Userdata] Function:[Response] -> [CPU functions] -> [Read SZL] -> Errorcode:[0x8104]"
"1339","197.815606","192.168.0.1","192.168.0.241","S7COMM","87","ROSCTR:[Userdata] Function:[Unknown type: 0x09] -> [Cyclic services] -> [Cyclic transfer] -> Errorcode:[0x8104]"
"1341","197.819153","192.168.0.1","192.168.0.241","S7COMM","87","ROSCTR:[Userdata] Function:[Response] -> [Programmer commands] -> [Block status v2] -> Errorcode:[0x8104]"
"1343","197.821723","192.168.0.1","192.168.0.241","S7COMM","87","ROSCTR:[Userdata] Function:[Unknown type: 0x09] -> [Programmer commands] -> [Read job list] -> Errorcode:[0x8104]"
"1345","197.824689","192.168.0.1","192.168.0.241","S7COMM","87","ROSCTR:[Userdata] Function:[Response] -> [Time functions] -> [Read clock] -> Errorcode:[0x8500]"
"1347","197.828649","192.168.0.1","192.168.0.241","S7COMM","87","ROSCTR:[Userdata] Function:[Unknown type: 0x0a] -> [Time functions] -> [Read clock] -> Errorcode:[0x8104]"
"1349","197.831551","192.168.0.1","192.168.0.241","S7COMM","87","ROSCTR:[Userdata] Function:[Response] -> [Security] -> [PLC password] -> Errorcode:[0x8104]"
"1351","197.834439","192.168.0.1","192.168.0.241","S7COMM","87","ROSCTR:[Userdata] Function:[Unknown type: 0x0a] -> [Programmer commands] -> [Delete job] -> Errorcode:[0x8104]"
"1363","200.359676","192.168.0.1","192.168.0.241","S7COMM","87","ROSCTR:[Userdata] Function:[Unknown type: 0x09] -> [Block functions] -> [Get block info] -> Errorcode:[0x8104]"
"1365","200.362290","192.168.0.1","192.168.0.241","S7COMM","87","ROSCTR:[Userdata] Function:[Unknown type: 0x09] -> [Security] -> [PLC password] -> Errorcode:[0x8104]"
"1367","200.364934","192.168.0.1","192.168.0.241","S7COMM","87","ROSCTR:[Userdata] Function:[Unknown type: 0x09] -> [Block functions] -> [List blocks] -> Errorcode:[0x8104]"
"1369","200.367948","192.168.0.1","192.168.0.241","S7COMM","87","ROSCTR:[Userdata] Function:[NC Response] -> [Block functions] -> [List blocks] -> Errorcode:[0x8104]"
"1371","200.370843","192.168.0.1","192.168.0.241","S7COMM","87","ROSCTR:[Userdata] Function:[NC Response] -> [Security] -> [PLC password] -> Errorcode:[0x8104]"
"1373","200.373937","192.168.0.1","192.168.0.241","S7COMM","87","ROSCTR:[Userdata] Function:[Unknown type: 0x0a] -> [Block functions] -> [Get block info] -> Errorcode:[0x8104]"
"1376","200.377424","192.168.0.1","192.168.0.241","S7COMM","87","ROSCTR:[Userdata] Function:[NC Response] -> [Security] -> [PLC password] -> Errorcode:[0x8104]"
"1378","200.379703","192.168.0.1","192.168.0.241","S7COMM","87","ROSCTR:[Userdata] Function:[Unknown type: 0x09] -> [CPU functions] -> [Read SZL] -> Errorcode:[0x8104]"
"1380","200.382769","192.168.0.1","192.168.0.241","S7COMM","87","ROSCTR:[Userdata] Function:[Unknown type: 0x0a] -> [Block functions] -> [Get block info] -> Errorcode:[0x8104]"
"1382","200.384938","192.168.0.1","192.168.0.241","S7COMM","87","ROSCTR:[Userdata] Function:[Unknown type: 0x09] -> [Time functions] -> [Set clock] -> Errorcode:[0x8104]"
"1396","202.811618","192.168.0.1","192.168.0.241","S7COMM","87","ROSCTR:[Userdata] Function:[Unknown type: 0x09] -> [Block functions] -> [List blocks of type] -> Errorcode:[0x8104]"
"1398","202.814964","192.168.0.1","192.168.0.241","S7COMM","87","ROSCTR:[Userdata] Function:[Unknown type: 0x0a] -> [Security] -> [PLC password] -> Errorcode:[0x8104]"
"1410","205.336134","192.168.0.1","192.168.0.241","S7COMM","87","ROSCTR:[Userdata] Function:[Response] -> [Security] -> [PLC password] -> Errorcode:[0x8104]"
"1412","205.339041","192.168.0.1","192.168.0.241","S7COMM","87","ROSCTR:[Userdata] Function:[Response] -> [Block functions] -> [List blocks of type] -> Errorcode:[0x8500]"
"1414","205.341867","192.168.0.1","192.168.0.241","S7COMM","87","ROSCTR:[Userdata] Function:[NC Response] -> [Block functions] -> [List blocks of type] -> Errorcode:[0x8104]"
"1416","205.345310","192.168.0.1","192.168.0.241","S7COMM","87","ROSCTR:[Userdata] Function:[Unknown type: 0x09] -> [Security] -> [PLC password] -> Errorcode:[0x8104]"
"1429","207.898738","192.168.0.1","192.168.0.241","S7COMM","87","ROSCTR:[Userdata] Function:[NC Response] -> [Cyclic services] -> [Unsubscribe] -> Errorcode:[0x8104]"
"1431","207.901024","192.168.0.1","192.168.0.241","S7COMM","87","ROSCTR:[Userdata] Function:[Unknown type: 0x09] -> [Cyclic services] -> [Cyclic transfer] -> Errorcode:[0x8104]"
"1433","207.903860","192.168.0.1","192.168.0.241","S7COMM","87","ROSCTR:[Userdata] Function:[NC Response] -> [Block functions] -> [List blocks] -> Errorcode:[0x8104]"
"1435","207.906077","192.168.0.1","192.168.0.241","S7COMM","87","ROSCTR:[Userdata] Function:[Unknown type: 0x0a] -> [Security] -> [PLC password] -> Errorcode:[0x8104]"
"1448","210.386032","192.168.0.1","192.168.0.241","S7COMM","87","ROSCTR:[Userdata] Function:[NC Response] -> [Block functions] -> [List blocks of type] -> Errorcode:[0x8104]"
"1450","210.389082","192.168.0.1","192.168.0.241","S7COMM","87","ROSCTR:[Userdata] Function:[Unknown type: 0x0a] -> [Cyclic services] -> [Unsubscribe] -> Errorcode:[0x8104]"
"1452","210.391362","192.168.0.1","192.168.0.241","S7COMM","87","ROSCTR:[Userdata] Function:[Unknown type: 0x0a] -> [Cyclic services] -> [Unsubscribe] -> Errorcode:[0x8104]"
"1454","210.393975","192.168.0.1","192.168.0.241","S7COMM","87","ROSCTR:[Userdata] Function:[Unknown type: 0x09] -> [Time functions] -> [Read clock (following)] -> Errorcode:[0x8104]"
"1456","210.397027","192.168.0.1","192.168.0.241","S7COMM","87","ROSCTR:[Userdata] Function:[Unknown type: 0x0a] -> [CPU functions] -> [Read SZL] -> Errorcode:[0x8104]"
"1458","210.402076","192.168.0.1","192.168.0.241","S7COMM","87","ROSCTR:[Userdata] Function:[Unknown type: 0x09] -> [Block functions] -> [List blocks] -> Errorcode:[0x8104]"
"1460","210.405080","192.168.0.1","192.168.0.241","S7COMM","87","ROSCTR:[Userdata] Function:[NC Response] -> [Security] -> [PLC password] -> Errorcode:[0x8104]"
"1462","210.407847","192.168.0.1","192.168.0.241","S7COMM","87","ROSCTR:[Userdata] Function:[Unknown type: 0x09] -> [Block functions] -> [List blocks of type] -> Errorcode:[0x8104]"
"1464","210.411236","192.168.0.1","192.168.0.241","S7COMM","87","ROSCTR:[Userdata] Function:[Response] -> [Security] -> [PLC password] -> Errorcode:[0x8104]"
"1466","210.414025","192.168.0.1","192.168.0.241","S7COMM","87","ROSCTR:[Userdata] Function:[Unknown type: 0x0a] -> [CPU functions] -> [Message service] -> Errorcode:[0x8104]"
"1480","212.974960","192.168.0.1","192.168.0.241","S7COMM","87","ROSCTR:[Userdata] Function:[Unknown type: 0x09] -> [Security] -> [PLC password] -> Errorcode:[0x8104]"
"1482","212.977989","192.168.0.1","192.168.0.241","S7COMM","87","ROSCTR:[Userdata] Function:[Response] -> [Cyclic services] -> [Unsubscribe] -> Errorcode:[0x8104]"
"1484","212.980266","192.168.0.1","192.168.0.241","S7COMM","87","ROSCTR:[Userdata] Function:[Unknown type: 0x0a] -> [CPU functions] -> [Message service] -> Errorcode:[0x8104]"
"1486","212.983084","192.168.0.1","192.168.0.241","S7COMM","87","ROSCTR:[Userdata] Function:[Unknown type: 0x0a] -> [Block functions] -> [List blocks] -> Errorcode:[0x8104]"
"1488","212.986044","192.168.0.1","192.168.0.241","S7COMM","87","ROSCTR:[Userdata] Function:[Unknown type: 0x0a] -> [Time functions] -> [Set clock] -> Errorcode:[0x8104]"
"1490","212.988216","192.168.0.1","192.168.0.241","S7COMM","87","ROSCTR:[Userdata] Function:[Unknown type: 0x09] -> [Programmer commands] -> [Block status v2] -> Errorcode:[0x8104]"
"1507","215.513986","192.168.0.1","192.168.0.241","S7COMM","87","ROSCTR:[Userdata] Function:[Unknown type: 0x09] -> [Block functions] -> [List blocks of type] -> Errorcode:[0x8104]"
"1509","215.516410","192.168.0.1","192.168.0.241","S7COMM","87","ROSCTR:[Userdata] Function:[NC Response] -> [Security] -> [PLC password] -> Errorcode:[0x8104]"
"1511","215.519024","192.168.0.1","192.168.0.241","S7COMM","87","ROSCTR:[Userdata] Function:[Unknown type: 0x09] -> [Cyclic services] -> [Cyclic transfer] -> Errorcode:[0x8104]"
"1513","215.521322","192.168.0.1","192.168.0.241","S7COMM","87","ROSCTR:[Userdata] Function:[Unknown type: 0x09] -> [Security] -> [PLC password] -> Errorcode:[0x8104]"
"1527","217.927393","192.168.0.1","192.168.0.241","S7COMM","87","ROSCTR:[Userdata] Function:[Unknown type: 0x09] -> [Security] -> [PLC password] -> Errorcode:[0x8104]"
"1529","217.930306","192.168.0.1","192.168.0.241","S7COMM","87","ROSCTR:[Userdata] Function:[Unknown type: 0x09] -> [Time functions] -> [Set clock] -> Errorcode:[0x8104]"
"1531","217.933109","192.168.0.1","192.168.0.241","S7COMM","87","ROSCTR:[Userdata] Function:[NC Response] -> [Block functions] -> [List blocks] -> Errorcode:[0x8104]"
"1533","217.936705","192.168.0.1","192.168.0.241","S7COMM","87","ROSCTR:[Userdata] Function:[Unknown type: 0x09] -> [CPU functions] -> [Diagnostic message] -> Errorcode:[0x8104]"
"1535","217.939443","192.168.0.1","192.168.0.241","S7COMM","87","ROSCTR:[Userdata] Function:[Unknown type: 0x0a] -> [Cyclic services] -> [Cyclic transfer] -> Errorcode:[0x8104]"
"1537","217.942341","192.168.0.1","192.168.0.241","S7COMM","87","ROSCTR:[Userdata] Function:[Response] -> [Time functions] -> [Read clock] -> Errorcode:[0x8500]"
"1539","217.946517","192.168.0.1","192.168.0.241","S7COMM","87","ROSCTR:[Userdata] Function:[Unknown type: 0x09] -> [Security] -> [PLC password] -> Errorcode:[0x8104]"
"1552","220.441662","192.168.0.1","192.168.0.241","S7COMM","87","ROSCTR:[Userdata] Function:[Response] -> [Programmer commands] -> [Block status v2] -> Errorcode:[0x8104]"
"1554","220.444632","192.168.0.1","192.168.0.241","S7COMM","87","ROSCTR:[Userdata] Function:[NC Response] -> [Cyclic services] -> [Cyclic transfer] -> Errorcode:[0x8104]"
"1556","220.447518","192.168.0.1","192.168.0.241","S7COMM","87","ROSCTR:[Userdata] Function:[NC Response] -> [Cyclic services] -> [Unsubscribe] -> Errorcode:[0x8104]"
"1558","220.451376","192.168.0.1","192.168.0.241","S7COMM","87","ROSCTR:[Userdata] Function:[Response] -> [Security] -> [PLC password] -> Errorcode:[0x8104]"
"1570","222.992690","192.168.0.1","192.168.0.241","S7COMM","87","ROSCTR:[Userdata] Function:[Unknown type: 0x09] -> [Cyclic services] -> [Cyclic transfer] -> Errorcode:[0x8104]"
"1572","222.995532","192.168.0.1","192.168.0.241","S7COMM","87","ROSCTR:[Userdata] Function:[Unknown type: 0x0a] -> [Programmer commands] -> [Block status] -> Errorcode:[0x8104]"
"1574","222.998362","192.168.0.1","192.168.0.241","S7COMM","87","ROSCTR:[Userdata] Function:[NC Response] -> [Security] -> [PLC password] -> Errorcode:[0x8104]"
"1576","223.001361","192.168.0.1","192.168.0.241","S7COMM","87","ROSCTR:[Userdata] Function:[Response] -> [Security] -> [PLC password] -> Errorcode:[0x8104]"
"1578","223.003582","192.168.0.1","192.168.0.241","S7COMM","87","ROSCTR:[Userdata] Function:[Unknown type: 0x09] -> [CPU functions] -> [Read SZL] -> Errorcode:[0x8104]"
"1580","223.006495","192.168.0.1","192.168.0.241","S7COMM","87","ROSCTR:[Userdata] Function:[NC Response] -> [Security] -> [PLC password] -> Errorcode:[0x8104]"
"1582","223.008695","192.168.0.1","192.168.0.241","S7COMM","87","ROSCTR:[Userdata] Function:[Response] -> [CPU functions] -> [Message service] -> Errorcode:[0x8104]"
"1584","223.011590","192.168.0.1","192.168.0.241","S7COMM","87","ROSCTR:[Userdata] Function:[Unknown type: 0x0a] -> [Block functions] -> [List blocks of type] -> Errorcode:[0x8104]"
"1586","223.014408","192.168.0.1","192.168.0.241","S7COMM","87","ROSCTR:[Userdata] Function:[Response] -> [Security] -> [PLC password] -> Errorcode:[0x8104]"
"1588","223.017485","192.168.0.1","192.168.0.241","S7COMM","87","ROSCTR:[Userdata] Function:[Unknown type: 0x09] -> [CPU functions] -> [Diagnostic message] -> Errorcode:[0x8104]"
"1601","225.486423","192.168.0.1","192.168.0.241","S7COMM","87","ROSCTR:[Userdata] Function:[Response] -> [Programmer commands] -> [Delete job] -> Errorcode:[0x8104]"
"1603","225.489536","192.168.0.1","192.168.0.241","S7COMM","87","ROSCTR:[Userdata] Function:[Unknown type: 0x09] -> [Block functions] -> [List blocks] -> Errorcode:[0x8104]"
"1605","225.493104","192.168.0.1","192.168.0.241","S7COMM","87","ROSCTR:[Userdata] Function:[Unknown type: 0x09] -> [Cyclic services] -> [Unsubscribe] -> Errorcode:[0x8104]"
"1607","225.496034","192.168.0.1","192.168.0.241","S7COMM","87","ROSCTR:[Userdata] Function:[Unknown type: 0x0a] -> [Cyclic services] -> [Cyclic transfer] -> Errorcode:[0x8104]"
"1609","225.498914","192.168.0.1","192.168.0.241","S7COMM","87","ROSCTR:[Userdata] Function:[Unknown type: 0x0a] -> [Cyclic services] -> [Cyclic transfer] -> Errorcode:[0x8104]"
"1611","225.501480","192.168.0.1","192.168.0.241","S7COMM","87","ROSCTR:[Userdata] Function:[Unknown type: 0x09] -> [Block functions] -> [List blocks of type] -> Errorcode:[0x8104]"
"1613","225.503770","192.168.0.1","192.168.0.241","S7COMM","87","ROSCTR:[Userdata] Function:[NC Response] -> [Security] -> [PLC password] -> Errorcode:[0x8104]"
"1615","225.506862","192.168.0.1","192.168.0.241","S7COMM","87","ROSCTR:[Userdata] Function:[Unknown type: 0x0a] -> [Time functions] -> [Set clock] -> Errorcode:[0x8104]"
"1617","225.509853","192.168.0.1","192.168.0.241","S7COMM","87","ROSCTR:[Userdata] Function:[NC Response] -> [Cyclic services] -> [Unsubscribe] -> Errorcode:[0x8104]"
"1619","225.512235","192.168.0.1","192.168.0.241","S7COMM","87","ROSCTR:[Userdata] Function:[Unknown type: 0x0a] -> [Security] -> [PLC password] -> Errorcode:[0x8104]"
"1643","230.535664","192.168.0.1","192.168.0.241","S7COMM","87","ROSCTR:[Userdata] Function:[Response] -> [CPU functions] -> [Read SZL] -> Errorcode:[0x8104]"
"1645","230.537897","192.168.0.1","192.168.0.241","S7COMM","87","ROSCTR:[Userdata] Function:[Unknown type: 0x0a] -> [Cyclic services] -> [Cyclic transfer] -> Errorcode:[0x8104]"
"1647","230.541069","192.168.0.1","192.168.0.241","S7COMM","87","ROSCTR:[Userdata] Function:[NC Response] -> [Block functions] -> [Get block info] -> Errorcode:[0x8104]"
"1649","230.543529","192.168.0.1","192.168.0.241","S7COMM","87","ROSCTR:[Userdata] Function:[Unknown type: 0x09] -> [Security] -> [PLC password] -> Errorcode:[0x8104]"
"1651","230.546303","192.168.0.1","192.168.0.241","S7COMM","87","ROSCTR:[Userdata] Function:[NC Response] -> [Time functions] -> [Read clock] -> Errorcode:[0x8104]"
"1663","233.043004","192.168.0.1","192.168.0.241","S7COMM","87","ROSCTR:[Userdata] Function:[NC Response] -> [Programmer commands] -> [Block status] -> Errorcode:[0x8104]"
"1665","233.047185","192.168.0.1","192.168.0.241","S7COMM","87","ROSCTR:[Userdata] Function:[Unknown type: 0x09] -> [Cyclic services] -> [Cyclic transfer] -> Errorcode:[0x8104]"
"1667","233.050807","192.168.0.1","192.168.0.241","S7COMM","87","ROSCTR:[Userdata] Function:[Response] -> [Programmer commands] -> [Block status] -> Errorcode:[0x8104]"
"1681","235.571866","192.168.0.1","192.168.0.241","S7COMM","87","ROSCTR:[Userdata] Function:[Unknown type: 0x09] -> [Programmer commands] -> [Memory reset] -> Errorcode:[0x8104]"
"1683","235.574909","192.168.0.1","192.168.0.241","S7COMM","87","ROSCTR:[Userdata] Function:[Unknown type: 0x09] -> [Security] -> [PLC password] -> Errorcode:[0x8104]"
"1695","238.086009","192.168.0.1","192.168.0.241","S7COMM","87","ROSCTR:[Userdata] Function:[Unknown type: 0x09] -> [Programmer commands] -> [Enable job] -> Errorcode:[0x8104]"
"1720","243.124263","192.168.0.1","192.168.0.241","S7COMM","87","ROSCTR:[Userdata] Function:[Unknown type: 0x09] -> [Programmer commands] -> [Block status v2] -> Errorcode:[0x8104]"
"1722","243.127127","192.168.0.1","192.168.0.241","S7COMM","87","ROSCTR:[Userdata] Function:[NC Response] -> [Programmer commands] -> [Block status v2] -> Errorcode:[0x8104]"
"1724","243.129967","192.168.0.1","192.168.0.241","S7COMM","87","ROSCTR:[Userdata] Function:[Unknown type: 0x09] -> [Block functions] -> [List blocks] -> Errorcode:[0x8104]"
"1726","243.132214","192.168.0.1","192.168.0.241","S7COMM","87","ROSCTR:[Userdata] Function:[Response] -> [Block functions] -> [List blocks] -> Errorcode:[0x8500]"
"1728","243.135267","192.168.0.1","192.168.0.241","S7COMM","87","ROSCTR:[Userdata] Function:[Response] -> [Time functions] -> [Set clock] -> Errorcode:[0x8104]"
"1730","243.137908","192.168.0.1","192.168.0.241","S7COMM","87","ROSCTR:[Userdata] Function:[Unknown type: 0x09] -> [Time functions] -> [Set clock] -> Errorcode:[0x8104]"
"1743","245.660507","192.168.0.1","192.168.0.241","S7COMM","87","ROSCTR:[Userdata] Function:[Response] -> [CPU functions] -> [Message service] -> Errorcode:[0x8104]"
"1745","245.664573","192.168.0.1","192.168.0.241","S7COMM","87","ROSCTR:[Userdata] Function:[NC Response] -> [Security] -> [PLC password] -> Errorcode:[0x8104]"
"1747","245.667638","192.168.0.1","192.168.0.241","S7COMM","87","ROSCTR:[Userdata] Function:[Response] -> [Block functions] -> [List blocks of type] -> Errorcode:[0x8500]"
"1749","245.671483","192.168.0.1","192.168.0.241","S7COMM","87","ROSCTR:[Userdata] Function:[Response] -> [Security] -> [PLC password] -> Errorcode:[0x8104]"
"1751","245.675673","192.168.0.1","192.168.0.241","S7COMM","87","ROSCTR:[Userdata] Function:[Unknown type: 0x0a] -> [Cyclic services] -> [Cyclic transfer] -> Errorcode:[0x8104]"
"1753","245.679243","192.168.0.1","192.168.0.241","S7COMM","87","ROSCTR:[Userdata] Function:[Unknown type: 0x09] -> [Security] -> [PLC password] -> Errorcode:[0x8104]"
"1755","245.683271","192.168.0.1","192.168.0.241","S7COMM","87","ROSCTR:[Userdata] Function:[NC Response] -> [Programmer commands] -> [Delete job] -> Errorcode:[0x8104]"
"1757","245.687180","192.168.0.1","192.168.0.241","S7COMM","87","ROSCTR:[Userdata] Function:[Unknown type: 0x0a] -> [Programmer commands] -> [Block status v2] -> Errorcode:[0x8104]"
"1759","245.690052","192.168.0.1","192.168.0.241","S7COMM","87","ROSCTR:[Userdata] Function:[NC Response] -> [Programmer commands] -> [Block status v2] -> Errorcode:[0x8104]"
"1761","245.693676","192.168.0.1","192.168.0.241","S7COMM","87","ROSCTR:[Userdata] Function:[NC Response] -> [CPU functions] -> [Diagnostic message] -> Errorcode:[0x8104]"
"1773","248.146446","192.168.0.1","192.168.0.241","S7COMM","87","ROSCTR:[Userdata] Function:[Response] -> [CPU functions] -> [Message service] -> Errorcode:[0x8104]"
"1775","248.149422","192.168.0.1","192.168.0.241","S7COMM","87","ROSCTR:[Userdata] Function:[NC Response] -> [Time functions] -> [Read clock] -> Errorcode:[0x8104]"
"1777","248.152262","192.168.0.1","192.168.0.241","S7COMM","87","ROSCTR:[Userdata] Function:[Unknown type: 0x09] -> [Programmer commands] -> [Block status] -> Errorcode:[0x8104]"
"1779","248.155075","192.168.0.1","192.168.0.241","S7COMM","87","ROSCTR:[Userdata] Function:[Response] -> [Block functions] -> [List blocks of type] -> Errorcode:[0x8500]"
"1781","248.157309","192.168.0.1","192.168.0.241","S7COMM","87","ROSCTR:[Userdata] Function:[Unknown type: 0x0a] -> [Block functions] -> [List blocks] -> Errorcode:[0x8104]"
"1783","248.159601","192.168.0.1","192.168.0.241","S7COMM","87","ROSCTR:[Userdata] Function:[Unknown type: 0x0a] -> [CPU functions] -> [Read SZL] -> Errorcode:[0x8104]"
"1797","250.665419","192.168.0.1","192.168.0.241","S7COMM","87","ROSCTR:[Userdata] Function:[NC Response] -> [CPU functions] -> [Read SZL] -> Errorcode:[0x8104]"
"1810","253.178884","192.168.0.1","192.168.0.241","S7COMM","87","ROSCTR:[Userdata] Function:[Unknown type: 0x0a] -> [Time functions] -> [Set clock] -> Errorcode:[0x8104]"
"1812","253.182465","192.168.0.1","192.168.0.241","S7COMM","87","ROSCTR:[Userdata] Function:[NC Response] -> [Security] -> [PLC password] -> Errorcode:[0x8104]"
"1814","253.185754","192.168.0.1","192.168.0.241","S7COMM","87","ROSCTR:[Userdata] Function:[Unknown type: 0x0a] -> [Programmer commands] -> [Read job list] -> Errorcode:[0x8104]"
"1816","253.188856","192.168.0.1","192.168.0.241","S7COMM","87","ROSCTR:[Userdata] Function:[Unknown type: 0x0a] -> [Block functions] -> [Get block info] -> Errorcode:[0x8104]"
"1829","255.686827","192.168.0.1","192.168.0.241","S7COMM","87","ROSCTR:[Userdata] Function:[Unknown type: 0x09] -> [Programmer commands] -> [Block status v2] -> Errorcode:[0x8104]"
"1831","255.690493","192.168.0.1","192.168.0.241","S7COMM","87","ROSCTR:[Userdata] Function:[Response] -> [Programmer commands] -> [Enable job] -> Errorcode:[0x8104]"
"1833","255.693523","192.168.0.1","192.168.0.241","S7COMM","87","ROSCTR:[Userdata] Function:[Response] -> [Time functions] -> [Set clock] -> Errorcode:[0x8104]"
"1846","258.238878","192.168.0.1","192.168.0.241","S7COMM","87","ROSCTR:[Userdata] Function:[NC Response] -> [CPU functions] -> [Message service] -> Errorcode:[0x8104]"
"1848","258.241603","192.168.0.1","192.168.0.241","S7COMM","87","ROSCTR:[Userdata] Function:[Response] -> [Block functions] -> [List blocks] -> Errorcode:[0x8500]"
"1850","258.244710","192.168.0.1","192.168.0.241","S7COMM","87","ROSCTR:[Userdata] Function:[Unknown type: 0x09] -> [Block functions] -> [List blocks] -> Errorcode:[0x8104]"
"1852","258.248735","192.168.0.1","192.168.0.241","S7COMM","87","ROSCTR:[Userdata] Function:[Response] -> [Programmer commands] -> [Memory reset] -> Errorcode:[0x8104]"
"1865","260.726636","192.168.0.1","192.168.0.241","S7COMM","87","ROSCTR:[Userdata] Function:[Unknown type: 0x0a] -> [Time functions] -> [Read clock (following)] -> Errorcode:[0x8104]"
"1867","260.730333","192.168.0.1","192.168.0.241","S7COMM","87","ROSCTR:[Userdata] Function:[NC Response] -> [CPU functions] -> [Message service] -> Errorcode:[0x8104]"
"1869","260.733844","192.168.0.1","192.168.0.241","S7COMM","87","ROSCTR:[Userdata] Function:[Response] -> [Time functions] -> [Read clock] -> Errorcode:[0x8500]"
"1881","263.235780","192.168.0.1","192.168.0.241","S7COMM","87","ROSCTR:[Userdata] Function:[Unknown type: 0x0a] -> [Block functions] -> [List blocks] -> Errorcode:[0x8104]"
"1883","263.239093","192.168.0.1","192.168.0.241","S7COMM","87","ROSCTR:[Userdata] Function:[Unknown type: 0x09] -> [Block functions] -> [Get block info] -> Errorcode:[0x8104]"
"1885","263.242335","192.168.0.1","192.168.0.241","S7COMM","87","ROSCTR:[Userdata] Function:[Unknown type: 0x0a] -> [Block functions] -> [List blocks] -> Errorcode:[0x8104]"
"1887","263.245135","192.168.0.1","192.168.0.241","S7COMM","87","ROSCTR:[Userdata] Function:[NC Response] -> [Time functions] -> [Read clock] -> Errorcode:[0x8104]"
"1889","263.247971","192.168.0.1","192.168.0.241","S7COMM","87","ROSCTR:[Userdata] Function:[Response] -> [Cyclic services] -> [Cyclic transfer] -> Errorcode:[0x8104]"
"1891","263.250579","192.168.0.1","192.168.0.241","S7COMM","87","ROSCTR:[Userdata] Function:[Unknown type: 0x09] -> [Time functions] -> [Set clock] -> Errorcode:[0x8104]"
"1893","263.254011","192.168.0.1","192.168.0.241","S7COMM","87","ROSCTR:[Userdata] Function:[Response] -> [Cyclic services] -> [Unsubscribe] -> Errorcode:[0x8104]"
"1895","263.256934","192.168.0.1","192.168.0.241","S7COMM","87","ROSCTR:[Userdata] Function:[Unknown type: 0x09] -> [Block functions] -> [List blocks of type] -> Errorcode:[0x8104]"
"1908","265.745191","192.168.0.1","192.168.0.241","S7COMM","87","ROSCTR:[Userdata] Function:[Response] -> [Cyclic services] -> [Unsubscribe] -> Errorcode:[0x8104]"
"1910","265.748161","192.168.0.1","192.168.0.241","S7COMM","87","ROSCTR:[Userdata] Function:[Unknown type: 0x0a] -> [Cyclic services] -> [Unsubscribe] -> Errorcode:[0x8104]"
"1923","268.304885","192.168.0.1","192.168.0.241","S7COMM","87","ROSCTR:[Userdata] Function:[Unknown type: 0x0a] -> [Security] -> [PLC password] -> Errorcode:[0x8104]"
"1925","268.307958","192.168.0.1","192.168.0.241","S7COMM","87","ROSCTR:[Userdata] Function:[Unknown type: 0x0a] -> [Block functions] -> [List blocks] -> Errorcode:[0x8104]"
"1927","268.310180","192.168.0.1","192.168.0.241","S7COMM","87","ROSCTR:[Userdata] Function:[Unknown type: 0x09] -> [Programmer commands] -> [Memory reset] -> Errorcode:[0x8104]"
"1940","270.822455","192.168.0.1","192.168.0.241","S7COMM","87","ROSCTR:[Userdata] Function:[Response] -> [Security] -> [PLC password] -> Errorcode:[0x8104]"
"1952","273.347435","192.168.0.1","192.168.0.241","S7COMM","87","ROSCTR:[Userdata] Function:[Unknown type: 0x0a] -> [Block functions] -> [List blocks of type] -> Errorcode:[0x8104]"
"1954","273.350396","192.168.0.1","192.168.0.241","S7COMM","87","ROSCTR:[Userdata] Function:[Response] -> [Programmer commands] -> [Read job list] -> Errorcode:[0x8104]"
"1956","273.353352","192.168.0.1","192.168.0.241","S7COMM","87","ROSCTR:[Userdata] Function:[Unknown type: 0x0a] -> [Cyclic services] -> [Cyclic transfer] -> Errorcode:[0x8104]"
"1958","273.356441","192.168.0.1","192.168.0.241","S7COMM","87","ROSCTR:[Userdata] Function:[Unknown type: 0x0a] -> [Block functions] -> [Get block info] -> Errorcode:[0x8104]"
"1960","273.359172","192.168.0.1","192.168.0.241","S7COMM","87","ROSCTR:[Userdata] Function:[Unknown type: 0x09] -> [Cyclic services] -> [Cyclic transfer] -> Errorcode:[0x8104]"
"1962","273.362026","192.168.0.1","192.168.0.241","S7COMM","87","ROSCTR:[Userdata] Function:[NC Response] -> [Security] -> [PLC password] -> Errorcode:[0x8104]"
"1964","273.365651","192.168.0.1","192.168.0.241","S7COMM","87","ROSCTR:[Userdata] Function:[Unknown type: 0x0a] -> [Block functions] -> [List blocks] -> Errorcode:[0x8104]"
"1966","273.368583","192.168.0.1","192.168.0.241","S7COMM","87","ROSCTR:[Userdata] Function:[NC Response] -> [Security] -> [PLC password] -> Errorcode:[0x8104]"
"1968","273.371528","192.168.0.1","192.168.0.241","S7COMM","87","ROSCTR:[Userdata] Function:[NC Response] -> [Cyclic services] -> [Cyclic transfer] -> Errorcode:[0x8104]"
"1970","273.374292","192.168.0.1","192.168.0.241","S7COMM","87","ROSCTR:[Userdata] Function:[NC Response] -> [Security] -> [PLC password] -> Errorcode:[0x8104]"
"1986","275.860731","192.168.0.1","192.168.0.241","S7COMM","87","ROSCTR:[Userdata] Function:[NC Response] -> [Cyclic services] -> [Cyclic transfer] -> Errorcode:[0x8104]"
"2009","280.894303","192.168.0.1","192.168.0.241","S7COMM","87","ROSCTR:[Userdata] Function:[Unknown type: 0x09] -> [Cyclic services] -> [Unsubscribe] -> Errorcode:[0x8104]"
"2011","280.896574","192.168.0.1","192.168.0.241","S7COMM","87","ROSCTR:[Userdata] Function:[NC Response] -> [Programmer commands] -> [Block status v2] -> Errorcode:[0x8104]"
"2013","280.900088","192.168.0.1","192.168.0.241","S7COMM","87","ROSCTR:[Userdata] Function:[NC Response] -> [Security] -> [PLC password] -> Errorcode:[0x8104]"
"2026","283.419454","192.168.0.1","192.168.0.241","S7COMM","87","ROSCTR:[Userdata] Function:[NC Response] -> [Security] -> [PLC password] -> Errorcode:[0x8104]"
"2028","283.422745","192.168.0.1","192.168.0.241","S7COMM","87","ROSCTR:[Userdata] Function:[Response] -> [CPU functions] -> [Message service] -> Errorcode:[0x8104]"
"2030","283.425606","192.168.0.1","192.168.0.241","S7COMM","87","ROSCTR:[Userdata] Function:[NC Response] -> [Programmer commands] -> [Block status] -> Errorcode:[0x8104]"
"2032","283.428456","192.168.0.1","192.168.0.241","S7COMM","87","ROSCTR:[Userdata] Function:[NC Response] -> [Programmer commands] -> [Memory reset] -> Errorcode:[0x8104]"
